<DATE>	<TIME>	<OPEN>	<HIGH>	<LOW>	<CLOSE>	<TICKVOL>	<VOL>	<SPREAD>
2020.01.02	04:00:00	61.08	61.09	60.81	61.07	178	0	4
2020.01.02	08:00:00	61.07	61.29	60.93	61.06	1192	0	2
2020.01.02	12:00:00	61.05	61.14	60.76	61.00	1546	0	2
2020.01.02	16:00:00	60.99	61.20	60.51	60.74	3458	0	2
2020.01.02	20:00:00	60.74	61.11	60.68	60.99	1169	0	6
2020.01.03	00:00:00	61.01	62.14	60.96	62.13	829	0	2
2020.01.03	04:00:00	62.13	63.65	61.96	62.71	3260	0	2
2020.01.03	08:00:00	62.70	63.22	62.65	63.17	1820	0	2
2020.01.03	12:00:00	63.18	63.89	62.95	63.22	3488	0	2
2020.01.03	16:00:00	63.22	63.40	62.07	62.48	4798	0	2
2020.01.03	20:00:00	62.48	63.23	62.44	62.88	2773	0	2
2020.01.06	00:00:00	63.58	64.22	63.41	64.22	1401	0	2
2020.01.06	04:00:00	64.22	64.53	63.99	64.12	1072	0	3
2020.01.06	08:00:00	64.14	64.19	63.70	63.73	1949	0	2
2020.01.06	12:00:00	63.74	63.77	63.30	63.69	2686	0	2
2020.01.06	16:00:00	63.69	63.78	62.66	62.86	4306	0	2
2020.01.06	20:00:00	62.86	63.24	62.47	62.62	1877	0	2
2020.01.07	00:00:00	62.71	62.88	62.41	62.68	756	0	2
2020.01.07	04:00:00	62.68	62.69	62.13	62.42	825	0	2
2020.01.07	08:00:00	62.42	62.97	62.42	62.78	2213	0	2
2020.01.07	12:00:00	62.79	62.89	62.46	62.72	2271	0	2
2020.01.07	16:00:00	62.74	62.78	61.99	62.20	4452	0	3
2020.01.07	20:00:00	62.21	62.80	62.20	62.66	1627	0	3
2020.01.08	00:00:00	62.66	65.42	62.58	64.29	5053	0	3
2020.01.08	04:00:00	64.28	64.28	63.03	63.10	2666	0	3
2020.01.08	08:00:00	63.10	63.19	62.58	62.77	2386	0	3
2020.01.08	12:00:00	62.77	62.91	61.14	61.71	3525	0	3
2020.01.08	16:00:00	61.71	62.27	59.51	59.64	6877	0	3
2020.01.08	20:00:00	59.64	60.28	58.99	59.77	3368	0	3
2020.01.09	00:00:00	59.77	60.15	59.53	59.88	1212	0	3
2020.01.09	04:00:00	59.87	60.03	59.76	59.89	778	0	8
2020.01.09	08:00:00	59.88	59.98	59.39	59.65	2517	0	3
2020.01.09	12:00:00	59.65	59.91	59.33	59.36	2774	0	3
2020.01.09	16:00:00	59.34	59.49	58.55	59.38	5059	0	3
2020.01.09	20:00:00	59.38	59.72	59.24	59.49	1921	0	3
2020.01.10	00:00:00	59.49	59.53	59.22	59.26	554	0	5
2020.01.10	04:00:00	59.26	59.40	59.22	59.38	428	0	5
2020.01.10	08:00:00	59.38	59.45	59.11	59.27	1806	0	3
2020.01.10	12:00:00	59.28	59.66	59.11	59.23	2128	0	3
2020.01.10	16:00:00	59.23	59.45	58.77	59.12	4181	0	3
2020.01.10	20:00:00	59.13	59.32	58.89	59.10	1503	0	3
2020.01.13	00:00:00	58.79	59.00	58.68	58.96	741	0	3
2020.01.13	04:00:00	58.96	59.14	58.89	59.09	589	0	3
2020.01.13	08:00:00	59.08	59.19	58.85	59.13	1586	0	3
2020.01.13	12:00:00	59.14	59.15	58.82	58.96	1782	0	3
2020.01.13	16:00:00	58.97	58.97	57.94	58.33	3698	0	3
2020.01.13	20:00:00	58.33	58.44	57.90	58.04	1519	0	3
2020.01.14	00:00:00	58.07	58.30	57.97	58.22	660	0	3
2020.01.14	04:00:00	58.23	58.27	57.96	58.06	524	0	5
2020.01.14	08:00:00	58.07	58.21	57.72	58.17	1641	0	3
2020.01.14	12:00:00	58.18	58.70	58.08	58.54	2053	0	3
2020.01.14	16:00:00	58.54	58.59	58.13	58.42	3203	0	3
2020.01.14	20:00:00	58.42	58.65	58.13	58.19	1776	0	3
2020.01.15	00:00:00	58.17	58.21	58.05	58.06	462	0	5
2020.01.15	04:00:00	58.06	58.19	58.00	58.10	446	0	3
2020.01.15	08:00:00	58.12	58.18	57.88	58.01	1165	0	4
2020.01.15	12:00:00	58.01	58.38	57.89	58.04	1562	0	3
2020.01.15	16:00:00	58.03	58.30	57.40	57.99	3885	0	3
2020.01.15	20:00:00	58.00	58.17	57.77	58.04	1562	0	4
2020.01.16	00:00:00	58.04	58.24	58.04	58.19	459	0	5
2020.01.16	04:00:00	58.19	58.27	58.14	58.27	371	0	4
2020.01.16	08:00:00	58.27	58.38	57.90	57.99	1397	0	3
2020.01.16	12:00:00	58.00	58.12	57.59	58.06	1776	0	3
2020.01.16	16:00:00	58.05	58.84	57.91	58.64	2878	0	3
2020.01.16	20:00:00	58.64	58.71	58.30	58.60	1117	0	3
2020.01.17	00:00:00	58.57	58.69	58.41	58.42	439	0	5
2020.01.17	04:00:00	58.42	58.53	58.42	58.47	361	0	5
2020.01.17	08:00:00	58.47	58.77	58.43	58.61	1431	0	3
2020.01.17	12:00:00	58.60	58.93	58.59	58.76	1935	0	3
2020.01.17	16:00:00	58.75	58.96	58.37	58.50	3337	0	3
2020.01.17	20:00:00	58.51	58.76	58.29	58.76	1164	0	3
2020.01.20	00:00:00	59.47	59.60	59.03	59.14	944	0	3
2020.01.20	04:00:00	59.14	59.22	59.08	59.17	326	0	3
2020.01.20	08:00:00	59.17	59.21	58.73	58.85	1103	0	3
2020.01.20	12:00:00	58.85	58.99	58.65	58.90	931	0	3
2020.01.20	16:00:00	58.90	59.00	58.54	58.84	1590	0	3
2020.01.21	00:00:00	58.84	58.84	58.55	58.57	455	0	3
2020.01.21	04:00:00	58.57	58.61	58.20	58.22	676	0	3
2020.01.21	08:00:00	58.22	58.23	57.81	57.99	1762	0	3
2020.01.21	12:00:00	57.98	58.02	57.68	57.98	1759	0	3
2020.01.21	16:00:00	57.97	58.60	57.95	58.59	2661	0	3
2020.01.21	20:00:00	58.59	58.74	58.17	58.22	1247	0	3
2020.01.22	00:00:00	58.26	58.34	58.04	58.04	330	0	3
2020.01.22	04:00:00	58.03	58.20	58.01	58.03	560	0	3
2020.01.22	08:00:00	58.04	58.09	57.81	57.84	1022	0	3
2020.01.22	12:00:00	57.83	58.10	57.66	57.68	1299	0	3
2020.01.22	16:00:00	57.69	57.72	56.66	56.67	3508	0	3
2020.01.22	20:00:00	56.66	57.05	56.26	56.26	1778	0	3
2020.01.23	00:00:00	56.12	56.24	55.64	55.80	1007	0	3
2020.01.23	04:00:00	55.80	55.98	55.55	55.60	834	0	3
2020.01.23	08:00:00	55.60	56.03	55.56	55.90	1472	0	3
2020.01.23	12:00:00	55.89	55.91	55.29	55.37	1769	0	3
2020.01.23	16:00:00	55.36	55.61	54.77	54.94	4152	0	3
2020.01.23	20:00:00	54.94	55.76	54.84	55.61	1869	0	3
2020.01.24	00:00:00	55.63	55.79	55.45	55.55	530	0	5
2020.01.24	04:00:00	55.56	55.93	55.52	55.75	747	0	5
2020.01.24	08:00:00	55.75	55.93	55.35	55.35	1071	0	3
2020.01.24	12:00:00	55.35	55.52	55.16	55.26	1403	0	4
2020.01.24	16:00:00	55.25	55.25	53.75	54.17	3914	0	3
2020.01.24	20:00:00	54.16	54.39	53.91	54.23	2077	0	3
2020.01.27	00:00:00	53.20	53.25	52.15	53.04	2147	0	3
2020.01.27	04:00:00	53.03	53.03	52.78	52.87	861	0	3
2020.01.27	08:00:00	52.87	53.13	52.17	52.36	2224	0	3
2020.01.27	12:00:00	52.37	52.85	52.13	52.53	2668	0	3
2020.01.27	16:00:00	52.52	53.53	52.43	52.68	5568	0	3
2020.01.27	20:00:00	52.69	53.22	52.67	52.75	2280	0	3
2020.01.28	00:00:00	52.76	53.06	52.74	52.93	566	0	3
2020.01.28	04:00:00	52.93	53.11	52.77	53.09	521	0	5
2020.01.28	08:00:00	53.09	53.24	52.71	52.88	1659	0	3
2020.01.28	12:00:00	52.87	53.59	52.67	53.26	3210	0	3
2020.01.28	16:00:00	53.26	53.90	52.93	53.39	4250	0	3
2020.01.28	20:00:00	53.38	53.87	53.24	53.87	1490	0	3
2020.01.29	00:00:00	53.87	54.05	53.64	53.94	851	0	3
2020.01.29	04:00:00	53.94	54.22	53.89	54.01	574	0	3
2020.01.29	08:00:00	54.01	54.17	53.82	53.95	1535	0	3
2020.01.29	12:00:00	53.94	54.35	53.65	53.90	2353	0	3
2020.01.29	16:00:00	53.88	53.88	52.84	53.22	4466	0	3
2020.01.29	20:00:00	53.22	53.38	53.03	53.09	1682	0	3
2020.01.30	00:00:00	53.08	53.20	52.97	53.11	729	0	3
2020.01.30	04:00:00	53.12	53.12	52.68	52.84	733	0	3
2020.01.30	08:00:00	52.83	52.85	52.30	52.48	1781	0	3
2020.01.30	12:00:00	52.49	52.53	51.91	52.08	3098	0	3
2020.01.30	16:00:00	52.07	52.69	51.68	51.87	5462	0	3
2020.01.30	20:00:00	51.87	52.98	51.69	52.90	3160	0	3
2020.01.31	00:00:00	52.94	53.36	52.76	52.98	1120	0	3
2020.01.31	04:00:00	52.99	53.29	52.98	53.11	868	0	5
2020.01.31	08:00:00	53.11	53.11	52.42	52.48	1758	0	3
2020.01.31	12:00:00	52.49	52.74	52.18	52.23	3325	0	3
2020.01.31	16:00:00	52.23	52.31	51.09	51.31	5824	0	3
2020.01.31	20:00:00	51.31	51.79	51.04	51.64	3131	0	3
2020.02.03	00:00:00	51.19	51.63	50.64	51.62	2018	0	3
2020.02.03	04:00:00	51.62	51.91	51.21	51.68	1311	0	6
2020.02.03	08:00:00	51.68	51.89	51.28	51.49	3290	0	3
2020.02.03	12:00:00	51.49	51.99	51.28	51.46	3273	0	3
2020.02.03	16:00:00	51.48	51.64	50.00	50.75	6175	0	3
2020.02.03	20:00:00	50.75	51.01	49.92	49.93	2673	0	3
2020.02.04	00:00:00	49.93	50.55	49.73	50.46	1790	0	3
2020.02.04	04:00:00	50.46	50.78	50.36	50.74	1329	0	3
2020.02.04	08:00:00	50.73	51.36	50.50	51.01	2610	0	3
2020.02.04	12:00:00	51.01	51.61	50.66	51.47	3037	0	0
2020.02.04	16:00:00	51.48	51.48	50.10	50.39	5599	0	3
2020.02.04	20:00:00	50.39	50.47	49.49	49.51	2325	0	3
2020.02.05	00:00:00	49.55	50.34	49.55	50.29	1082	0	3
2020.02.05	04:00:00	50.28	50.32	50.07	50.09	969	0	3
2020.02.05	08:00:00	50.09	51.15	49.81	51.00	3594	0	3
2020.02.05	12:00:00	50.99	51.26	50.62	51.06	3389	0	3
2020.02.05	16:00:00	51.05	51.94	50.77	51.74	6375	0	3
2020.02.05	20:00:00	51.74	51.74	50.54	51.27	2809	0	3
2020.02.06	00:00:00	51.27	51.63	51.12	51.56	1255	0	5
2020.02.06	04:00:00	51.57	52.26	51.55	52.17	1474	0	4
2020.02.06	08:00:00	52.16	52.25	51.38	51.49	3010	0	3
2020.02.06	12:00:00	51.49	51.51	50.55	50.64	3552	0	3
2020.02.06	16:00:00	50.63	51.36	50.34	51.10	4920	0	3
2020.02.06	20:00:00	51.09	51.24	50.76	51.21	1739	0	3
2020.02.07	00:00:00	51.22	51.59	51.22	51.36	914	0	5
2020.02.07	04:00:00	51.36	51.44	51.05	51.19	962	0	3
2020.02.07	08:00:00	51.20	51.44	50.94	51.15	2507	0	3
2020.02.07	12:00:00	51.14	51.19	50.31	50.37	3322	0	3
2020.02.07	16:00:00	50.37	51.15	50.24	50.58	4901	0	3
2020.02.07	20:00:00	50.57	50.76	50.41	50.57	1787	0	3
2020.02.10	00:00:00	50.19	50.32	49.72	50.27	1352	0	3
2020.02.10	04:00:00	50.27	50.64	50.27	50.50	925	0	3
2020.02.10	08:00:00	50.50	50.61	50.09	50.20	2352	0	3
2020.02.10	12:00:00	50.20	50.52	50.05	50.16	2612	0	3
2020.02.10	16:00:00	50.15	50.41	49.64	49.71	4349	0	3
2020.02.10	20:00:00	49.71	49.80	49.56	49.78	1510	0	3
2020.02.11	00:00:00	49.77	50.36	49.77	50.34	908	0	3
2020.02.11	04:00:00	50.34	50.43	50.23	50.35	728	0	3
2020.02.11	08:00:00	50.35	50.63	50.10	50.44	2182	0	3
2020.02.11	12:00:00	50.44	50.74	50.27	50.66	2045	0	3
2020.02.11	16:00:00	50.64	50.81	50.06	50.36	3886	0	3
2020.02.11	20:00:00	50.36	50.37	49.91	50.17	1628	0	3
2020.02.12	00:00:00	50.17	50.67	50.17	50.60	694	0	3
2020.02.12	04:00:00	50.60	50.95	50.59	50.79	802	0	3
2020.02.12	08:00:00	50.79	51.08	50.66	50.89	1966	0	3
2020.02.12	12:00:00	50.89	51.32	50.78	51.26	1730	0	3
2020.02.12	16:00:00	51.28	51.88	51.16	51.48	4400	0	3
2020.02.12	20:00:00	51.48	51.82	51.32	51.79	1607	0	3
2020.02.13	00:00:00	51.89	52.14	51.09	51.65	1735	0	3
2020.02.13	04:00:00	51.66	51.68	51.39	51.41	924	0	3
2020.02.13	08:00:00	51.41	51.47	50.91	51.03	1796	0	3
2020.02.13	12:00:00	51.03	51.53	50.79	51.47	2819	0	3
2020.02.13	16:00:00	51.48	52.08	51.40	51.76	4312	0	3
2020.02.13	20:00:00	51.75	51.84	51.37	51.77	1951	0	3
2020.02.14	00:00:00	51.77	51.84	51.53	51.62	818	0	5
2020.02.14	04:00:00	51.61	51.76	51.53	51.74	732	0	5
2020.02.14	08:00:00	51.74	51.85	51.60	51.74	1618	0	3
2020.02.14	12:00:00	51.74	52.51	51.73	52.07	2311	0	3
2020.02.14	16:00:00	52.06	52.52	51.83	51.95	4061	0	3
2020.02.14	20:00:00	51.95	52.45	51.92	52.42	1614	0	3
2020.02.17	00:00:00	52.48	52.48	52.03	52.26	993	0	5
2020.02.17	04:00:00	52.26	52.40	52.20	52.40	599	0	5
2020.02.17	08:00:00	52.40	52.46	52.24	52.36	1607	0	3
2020.02.17	12:00:00	52.36	52.39	52.15	52.32	1487	0	3
2020.02.17	16:00:00	52.32	52.42	52.21	52.39	1394	0	3
2020.02.18	00:00:00	52.32	52.41	51.98	52.07	972	0	3
2020.02.18	04:00:00	52.07	52.09	51.72	51.95	614	0	3
2020.02.18	08:00:00	51.95	51.97	51.39	51.50	1040	0	3
2020.02.18	12:00:00	51.50	51.65	51.16	51.25	1127	0	3
2020.02.18	16:00:00	51.26	52.14	51.19	51.95	2617	0	3
2020.02.18	20:00:00	51.94	52.40	51.90	52.40	1189	0	3
2020.02.19	00:00:00	52.35	52.45	52.16	52.39	781	0	5
2020.02.19	04:00:00	52.40	52.88	52.33	52.75	1072	0	3
2020.02.19	08:00:00	52.73	52.95	52.62	52.89	1254	0	4
2020.02.19	12:00:00	52.89	53.24	52.89	53.07	1116	0	3
2020.02.19	16:00:00	53.07	53.69	52.73	53.61	2626	0	3
2020.02.19	20:00:00	53.61	53.79	53.40	53.71	1175	0	3
2020.02.20	00:00:00	53.65	54.10	53.64	53.97	870	0	3
2020.02.20	04:00:00	53.96	53.98	53.54	53.80	1050	0	5
2020.02.20	08:00:00	53.79	53.87	53.45	53.74	1597	0	3
2020.02.20	12:00:00	53.72	54.05	53.54	53.99	2283	0	3
2020.02.20	16:00:00	53.98	54.63	53.80	53.98	4351	0	3
2020.02.20	20:00:00	53.98	54.23	53.81	53.83	1217	0	3
2020.02.21	00:00:00	53.72	53.85	53.38	53.60	1294	0	4
2020.02.21	04:00:00	53.60	53.64	53.35	53.40	938	0	4
2020.02.21	08:00:00	53.40	53.56	52.93	52.96	1804	0	3
2020.02.21	12:00:00	52.96	53.20	52.71	52.91	1756	0	3
2020.02.21	16:00:00	52.90	53.46	52.56	53.45	5086	0	3
2020.02.21	20:00:00	53.45	53.57	53.23	53.33	1259	0	3
2020.02.24	00:00:00	52.50	52.60	51.67	51.99	2115	0	3
2020.02.24	04:00:00	51.99	52.24	51.91	52.17	892	0	3
2020.02.24	08:00:00	52.17	52.29	51.38	51.54	2757	0	3
2020.02.24	12:00:00	51.54	51.58	50.91	51.00	3452	0	3
2020.02.24	16:00:00	51.00	51.30	50.59	50.69	4954	0	3
2020.02.24	20:00:00	50.68	51.67	50.46	51.25	2253	0	3
2020.02.25	00:00:00	51.25	51.74	51.20	51.60	1765	0	3
2020.02.25	04:00:00	51.59	51.79	51.53	51.72	1059	0	3
2020.02.25	08:00:00	51.71	52.02	51.26	51.35	2497	0	3
2020.02.25	12:00:00	51.35	51.75	51.09	51.41	3439	0	3
2020.02.25	16:00:00	51.42	51.51	50.40	50.58	5730	0	3
2020.02.25	20:00:00	50.57	50.65	49.74	50.10	3615	0	3
2020.02.26	00:00:00	50.12	50.42	50.02	50.31	1663	0	3
2020.02.26	04:00:00	50.30	50.44	50.19	50.23	1283	0	5
2020.02.26	08:00:00	50.23	50.23	49.02	49.22	4261	0	3
2020.02.26	12:00:00	49.23	49.62	49.04	49.40	4651	0	3
2020.02.26	16:00:00	49.40	50.46	49.31	49.36	6833	0	3
2020.02.26	20:00:00	49.37	49.50	48.27	48.71	5008	0	3
2020.02.27	00:00:00	48.71	48.76	47.92	47.95	2644	0	3
2020.02.27	04:00:00	47.95	48.19	47.86	48.08	2001	0	3
2020.02.27	08:00:00	48.08	48.41	47.85	47.94	3103	0	3
2020.02.27	12:00:00	47.95	47.99	46.79	46.99	3345	0	3
2020.02.27	16:00:00	46.98	47.79	45.94	47.37	8735	0	3
2020.02.27	20:00:00	47.36	47.55	46.21	46.29	6228	0	3
2020.02.28	00:00:00	46.42	47.07	46.12	46.54	3032	0	3
2020.02.28	04:00:00	46.53	46.63	45.59	45.65	3332	0	3
2020.02.28	08:00:00	45.65	46.09	45.01	45.32	6535	0	3
2020.02.28	12:00:00	45.33	46.08	45.10	45.55	6998	0	3
2020.02.28	16:00:00	45.53	45.62	43.92	44.99	10409	0	3
2020.02.28	20:00:00	45.00	45.43	44.41	45.34	6022	0	3
2020.03.02	00:00:00	43.65	45.66	43.56	45.19	4130	0	3
2020.03.02	04:00:00	45.19	46.47	45.16	46.24	3962	0	3
2020.03.02	08:00:00	46.24	46.76	45.69	45.78	5503	0	3
2020.03.02	12:00:00	45.77	46.10	44.92	46.07	6780	0	3
2020.03.02	16:00:00	46.07	47.30	45.62	47.11	9439	0	3
2020.03.02	20:00:00	47.12	47.51	46.55	47.51	4123	0	3
2020.03.03	00:00:00	47.51	48.58	47.51	48.14	2325	0	3
2020.03.03	04:00:00	48.13	48.23	47.61	47.61	2625	0	8
2020.03.03	08:00:00	47.59	48.46	47.35	48.42	4948	0	3
2020.03.03	12:00:00	48.42	48.71	47.49	47.94	6083	0	3
2020.03.03	16:00:00	47.92	48.68	46.84	47.37	10792	0	3
2020.03.03	20:00:00	47.35	47.59	46.55	47.13	5899	0	3
2020.03.04	00:00:00	47.02	48.08	46.83	47.85	2546	0	4
2020.03.04	04:00:00	47.84	48.20	47.68	47.97	1917	0	3
2020.03.04	08:00:00	47.97	48.00	47.16	47.62	3246	0	3
2020.03.04	12:00:00	47.61	48.30	47.45	48.07	4368	0	3
2020.03.04	16:00:00	48.06	48.47	46.72	47.40	7816	0	3
2020.03.04	20:00:00	47.41	47.59	46.77	47.28	3111	0	3
2020.03.05	00:00:00	47.28	47.63	47.23	47.54	972	0	3
2020.03.05	04:00:00	47.54	47.60	47.32	47.54	1281	0	3
2020.03.05	08:00:00	47.54	47.56	46.71	46.72	2621	0	3
2020.03.05	12:00:00	46.73	47.51	46.41	46.53	5499	0	3
2020.03.05	16:00:00	46.53	47.15	46.16	46.29	6650	0	3
2020.03.05	20:00:00	46.29	46.48	45.71	46.09	3146	0	3
2020.03.06	00:00:00	46.09	46.43	45.79	45.83	1488	0	3
2020.03.06	04:00:00	45.83	45.88	45.31	45.51	1970	0	3
2020.03.06	08:00:00	45.52	45.70	44.86	44.87	3407	0	3
2020.03.06	12:00:00	44.86	44.99	43.32	43.83	7774	0	3
2020.03.06	16:00:00	43.84	44.65	41.92	42.39	10053	0	3
2020.03.06	20:00:00	42.39	42.48	41.17	41.64	4447	0	3
2020.03.09	00:00:00	33.33	33.84	30.45	30.99	3140	0	3
2020.03.09	04:00:00	30.98	31.22	27.54	29.86	4677	0	3
2020.03.09	08:00:00	29.86	33.85	29.29	33.60	4896	0	3
2020.03.09	12:00:00	33.60	33.67	31.51	33.39	9030	0	3
2020.03.09	16:00:00	33.38	35.01	32.54	32.65	11778	0	3
2020.03.09	20:00:00	32.65	32.72	30.65	31.25	4990	0	3
2020.03.10	00:00:00	30.66	33.42	30.39	32.92	4828	0	3
2020.03.10	04:00:00	32.92	33.96	32.79	33.95	2999	0	3
2020.03.10	08:00:00	33.94	33.95	32.08	33.70	7082	0	3
2020.03.10	12:00:00	33.71	34.86	33.48	33.78	8232	0	3
2020.03.10	16:00:00	33.78	34.49	32.96	33.72	9532	0	3
2020.03.10	20:00:00	33.73	35.27	33.53	34.69	3938	0	3
2020.03.11	00:00:00	34.69	36.58	33.81	36.00	6118	0	3
2020.03.11	04:00:00	36.00	36.00	34.70	35.19	3457	0	3
2020.03.11	08:00:00	35.21	35.37	33.65	33.70	7355	0	3
2020.03.11	12:00:00	33.69	33.90	33.20	33.64	7117	0	3
2020.03.11	16:00:00	33.63	34.08	33.31	33.76	8534	0	3
2020.03.11	20:00:00	33.77	33.79	32.85	33.26	3733	0	3
2020.03.12	00:00:00	33.35	33.93	31.08	31.35	5258	0	3
2020.03.12	04:00:00	31.36	32.16	31.01	32.11	5290	0	3
2020.03.12	08:00:00	32.12	32.13	31.49	31.63	5750	0	3
2020.03.12	12:00:00	31.62	31.71	30.39	31.54	5602	0	3
2020.03.12	16:00:00	31.52	32.69	31.05	31.52	11290	0	3
2020.03.12	20:00:00	31.53	32.17	31.09	31.30	3394	0	3
2020.03.13	00:00:00	31.30	31.96	30.72	31.11	5026	0	3
2020.03.13	04:00:00	31.10	32.91	31.01	32.38	4732	0	3
2020.03.13	08:00:00	32.38	33.60	32.05	33.45	6526	0	3
2020.03.13	12:00:00	33.45	34.19	32.64	32.85	6069	0	3
2020.03.13	16:00:00	32.85	33.35	31.49	32.68	9292	0	3
2020.03.13	20:00:00	32.69	34.12	31.93	33.47	4877	0	3
2020.03.16	00:00:00	31.71	31.72	30.05	31.62	5488	0	3
2020.03.16	04:00:00	31.61	31.85	31.14	31.14	2408	0	7
2020.03.16	08:00:00	31.14	31.28	30.25	30.40	3909	0	3
2020.03.16	12:00:00	30.40	30.45	28.44	29.57	6057	0	3
2020.03.16	16:00:00	29.57	30.67	28.85	29.04	9118	0	3
2020.03.16	20:00:00	29.03	29.45	28.71	28.84	3455	0	3
2020.03.17	00:00:00	28.99	30.44	28.99	29.91	3427	0	3
2020.03.17	04:00:00	29.91	30.28	29.40	30.22	2926	0	3
2020.03.17	08:00:00	30.22	30.56	29.01	29.16	4122	0	3
2020.03.17	12:00:00	29.16	29.79	28.67	28.78	6290	0	3
2020.03.17	16:00:00	28.78	29.64	28.11	28.13	8113	0	3
2020.03.17	20:00:00	28.13	28.24	27.00	27.18	2655	0	3
2020.03.18	00:00:00	27.18	27.57	26.61	27.34	3861	0	3
2020.03.18	04:00:00	27.34	27.55	26.75	26.75	1515	0	6
2020.03.18	08:00:00	26.74	27.18	25.55	25.71	3423	0	3
2020.03.18	12:00:00	25.70	26.02	24.22	24.69	5678	0	3
2020.03.18	16:00:00	24.69	24.83	21.08	21.58	7561	0	3
2020.03.18	20:00:00	21.58	23.03	20.44	22.75	5656	0	3
2020.03.19	00:00:00	22.75	24.45	22.53	23.38	5234	0	3
2020.03.19	04:00:00	23.38	23.46	21.79	23.32	6147	0	3
2020.03.19	08:00:00	23.33	24.30	22.57	23.43	6399	0	3
2020.03.19	12:00:00	23.43	23.65	22.20	22.87	5815	0	3
2020.03.19	16:00:00	22.86	25.95	22.68	25.64	10237	0	3
2020.03.19	20:00:00	25.65	28.13	25.46	25.57	4085	0	3
2020.03.20	00:00:00	25.57	26.56	25.29	26.25	2746	0	3
2020.03.20	04:00:00	26.25	27.29	26.19	26.45	2924	0	4
2020.03.20	08:00:00	26.44	28.46	26.42	28.30	3945	0	3
2020.03.20	12:00:00	28.30	28.30	24.32	24.59	7632	0	3
2020.03.20	16:00:00	24.58	25.99	23.49	25.15	12260	0	3
2020.03.20	20:00:00	25.14	25.36	22.52	23.59	5271	0	3
2020.03.23	00:00:00	21.34	23.48	21.02	22.83	6548	0	3
2020.03.23	04:00:00	22.82	23.37	22.50	23.12	4427	0	3
2020.03.23	08:00:00	23.11	23.43	22.45	22.76	5947	0	3
2020.03.23	12:00:00	22.75	23.95	22.28	23.16	8014	0	3
2020.03.23	16:00:00	23.16	23.39	22.19	22.91	9406	0	3
2020.03.23	20:00:00	22.91	24.36	22.49	24.00	4075	0	3
2020.03.24	00:00:00	24.00	25.22	24.00	25.20	4059	0	3
2020.03.24	04:00:00	25.18	25.21	24.45	24.81	2879	0	3
2020.03.24	08:00:00	24.81	25.44	24.63	25.28	4522	0	3
2020.03.24	12:00:00	25.29	25.60	24.06	24.11	5489	0	3
2020.03.24	16:00:00	24.13	24.33	23.60	23.63	6118	0	3
2020.03.24	20:00:00	23.63	24.81	23.60	24.75	2581	0	3
2020.03.25	00:00:00	24.75	25.76	24.75	25.54	3305	0	3
2020.03.25	04:00:00	25.55	25.71	25.26	25.61	2570	0	3
2020.03.25	08:00:00	25.61	25.61	24.88	24.99	3679	0	3
2020.03.25	12:00:00	24.99	24.99	23.79	24.28	6388	0	3
2020.03.25	16:00:00	24.27	25.55	23.67	25.37	7169	0	3
2020.03.25	20:00:00	25.37	25.58	24.89	25.01	2764	0	3
2020.03.26	00:00:00	25.02	25.51	24.83	25.03	2585	0	3
2020.03.26	04:00:00	25.03	25.12	24.88	25.08	1769	0	15
2020.03.26	08:00:00	25.09	25.12	24.31	24.69	2878	0	3
2020.03.26	12:00:00	24.69	25.01	24.24	24.53	5063	0	2
2020.03.26	16:00:00	24.50	24.93	23.32	23.64	4633	0	3
2020.03.26	20:00:00	23.64	24.21	23.44	24.08	2383	0	3
2020.03.27	00:00:00	24.08	24.48	23.99	24.17	1765	0	3
2020.03.27	04:00:00	24.17	24.24	23.89	24.16	1148	0	3
2020.03.27	08:00:00	24.16	24.22	23.53	23.88	2835	0	2
2020.03.27	12:00:00	23.88	24.00	22.65	22.76	3550	0	2
2020.03.27	16:00:00	22.76	23.10	22.39	22.55	3981	0	3
2020.03.27	20:00:00	22.55	23.17	22.29	23.14	1938	0	3
2020.03.30	00:00:00	22.33	22.42	21.67	22.29	2129	0	3
2020.03.30	04:00:00	22.30	22.34	21.92	22.14	1146	0	3
2020.03.30	08:00:00	22.12	22.48	21.76	21.93	2383	0	2
2020.03.30	12:00:00	21.92	22.37	21.69	22.09	2658	0	2
2020.03.30	16:00:00	22.10	22.13	21.41	21.91	4171	0	3
2020.03.30	20:00:00	21.91	22.00	20.99	21.86	2641	0	3
2020.03.31	00:00:00	22.01	22.57	22.01	22.52	879	0	3
2020.03.31	04:00:00	22.52	23.55	22.49	22.97	2181	0	3
2020.03.31	08:00:00	22.97	23.27	22.69	23.00	2502	0	3
2020.03.31	12:00:00	23.01	23.67	22.61	22.90	3127	0	3
2020.03.31	16:00:00	22.89	23.02	21.99	22.08	4525	0	2
2020.03.31	20:00:00	22.07	22.77	21.76	21.95	3175	0	1
2020.04.01	00:00:00	21.94	22.81	21.94	22.78	1106	0	1
2020.04.01	04:00:00	22.78	22.78	22.17	22.53	1149	0	1
2020.04.01	08:00:00	22.53	22.67	21.99	22.16	2380	0	1
2020.04.01	12:00:00	22.16	22.75	22.06	22.25	2521	0	1
2020.04.01	16:00:00	22.27	22.59	21.85	22.12	3916	0	1
2020.04.01	20:00:00	22.12	23.04	21.99	23.03	2862	0	1
2020.04.02	00:00:00	23.02	23.17	22.54	22.76	1168	0	1
2020.04.02	04:00:00	22.76	23.26	22.68	23.20	1115	0	1
2020.04.02	08:00:00	23.20	24.38	23.12	23.92	3202	0	1
2020.04.02	12:00:00	23.92	24.37	23.85	23.99	2463	0	1
2020.04.02	16:00:00	24.00	28.70	23.54	26.77	11606	0	0
2020.04.02	20:00:00	26.77	27.04	25.19	26.29	5827	0	1
2020.04.03	00:00:00	26.29	26.69	25.39	25.94	2714	0	0
2020.04.03	04:00:00	25.92	26.30	25.45	25.72	2538	0	1
2020.04.03	08:00:00	25.72	27.56	25.51	27.02	6525	0	0
2020.04.03	12:00:00	27.03	30.04	27.03	29.41	7997	0	0
2020.04.03	16:00:00	29.41	29.69	28.07	28.70	9430	0	0
2020.04.03	20:00:00	28.69	30.70	28.46	30.36	6119	0	1
2020.04.06	00:00:00	28.00	28.88	27.06	28.73	3328	0	1
2020.04.06	04:00:00	28.72	29.65	28.58	29.50	2154	0	1
2020.04.06	08:00:00	29.51	30.25	29.32	29.54	4468	0	0
2020.04.06	12:00:00	29.55	29.89	29.16	29.31	3544	0	0
2020.04.06	16:00:00	29.30	29.78	28.48	28.91	6566	0	0
2020.04.06	20:00:00	28.91	29.19	28.50	28.91	3557	0	1
2020.04.07	00:00:00	28.91	29.79	28.91	29.67	1251	0	1
2020.04.07	04:00:00	29.68	29.97	29.60	29.86	1597	0	1
2020.04.07	08:00:00	29.85	30.02	29.47	29.70	2547	0	1
2020.04.07	12:00:00	29.71	30.31	29.25	29.66	3272	0	1
2020.04.07	16:00:00	29.66	29.71	28.80	28.89	4429	0	0
2020.04.07	20:00:00	28.90	28.95	27.04	27.92	5007	0	1
2020.04.08	00:00:00	27.92	28.79	27.88	28.64	1858	0	0
2020.04.08	04:00:00	28.65	29.00	28.58	28.83	1739	0	1
2020.04.08	08:00:00	28.84	29.12	27.94	28.24	3914	0	0
2020.04.08	12:00:00	28.25	28.42	27.81	27.89	3423	0	0
2020.04.08	16:00:00	27.89	28.96	27.88	28.06	6800	0	0
2020.04.08	20:00:00	28.06	29.88	27.86	29.67	6161	0	1
2020.04.09	00:00:00	29.67	30.26	29.62	30.03	1430	0	1
2020.04.09	04:00:00	30.03	30.05	29.36	29.54	1697	0	2
2020.04.09	08:00:00	29.56	30.36	29.54	30.04	2507	0	0
2020.04.09	12:00:00	30.04	31.04	28.40	30.23	6999	0	0
2020.04.09	16:00:00	30.24	32.20	29.13	29.70	13056	0	0
2020.04.09	20:00:00	29.69	29.93	27.47	28.01	8610	0	0
2020.04.13	00:00:00	29.26	29.54	27.25	29.44	3935	0	0
2020.04.13	04:00:00	29.43	29.72	29.05	29.09	2675	0	1
2020.04.13	08:00:00	29.09	29.11	27.47	27.96	3763	0	0
2020.04.13	12:00:00	27.97	28.40	27.56	28.18	4673	0	0
2020.04.13	16:00:00	28.19	29.24	28.10	28.62	6582	0	0
2020.04.13	20:00:00	28.62	28.77	28.14	28.33	3316	0	0
2020.04.14	00:00:00	28.33	29.24	28.33	29.11	1588	0	1
2020.04.14	04:00:00	29.11	29.26	28.99	29.15	1596	0	1
2020.04.14	08:00:00	29.15	29.21	28.20	28.32	2509	0	0
2020.04.14	12:00:00	28.32	28.66	27.67	27.89	2900	0	0
2020.04.14	16:00:00	27.89	28.18	27.14	27.32	5001	0	0
2020.04.14	20:00:00	27.32	27.33	26.57	27.29	3536	0	0
2020.04.15	00:00:00	27.29	27.77	27.18	27.40	1472	0	1
2020.04.15	04:00:00	27.39	27.44	26.95	27.35	1463	0	0
2020.04.15	08:00:00	27.35	27.40	25.73	26.43	3086	0	0
2020.04.15	12:00:00	26.42	26.46	25.71	26.21	3154	0	0
2020.04.15	16:00:00	26.20	26.54	25.51	26.03	4442	0	0
2020.04.15	20:00:00	26.03	26.51	25.61	25.97	3013	0	1
2020.04.16	00:00:00	25.97	26.97	25.97	26.88	1072	0	1
2020.04.16	04:00:00	26.89	26.97	26.53	26.57	1275	0	1
2020.04.16	08:00:00	26.61	26.87	26.32	26.82	2249	0	1
2020.04.16	12:00:00	26.82	26.87	26.25	26.35	2543	0	1
2020.04.16	16:00:00	26.35	26.45	24.92	25.05	3910	0	0
2020.04.16	20:00:00	25.06	26.16	24.92	25.95	2490	0	0
2020.04.17	00:00:00	26.70	26.96	26.27	26.82	2017	0	1
2020.04.17	04:00:00	26.81	26.93	26.53	26.66	1171	0	1
2020.04.17	08:00:00	26.65	26.72	25.47	25.72	3171	0	1
2020.04.17	12:00:00	25.72	26.55	25.07	25.16	3512	0	1
2020.04.17	16:00:00	25.15	25.90	24.83	25.43	5387	0	1
2020.04.17	20:00:00	25.43	25.54	24.81	25.47	2511	0	1
2020.04.20	00:00:00	25.14	25.34	24.30	24.30	1700	0	1
2020.04.20	04:00:00	24.30	24.49	23.15	24.09	3064	0	1
2020.04.20	08:00:00	24.08	24.35	23.40	23.40	2172	0	1
2020.04.20	12:00:00	23.40	23.74	22.39	22.60	3494	0	1
